SEQ_NO,SRS_SYS_CD,INST_CD,INST_NAME,ORDER_ID,ORDER_DATETIME,ORDER_STATUS,SAP_VISIT_NUMBER,CERNER_VISIT_NUMBER,SAP_VISIT_DATE,VISIT_DATETIME,PATIENT_TYPE,FACILITY_CODE,SAP_PATIENT_ID,CERNER_PATIENT_ID,ORDER_SET,ORDER_ITEM_CODE,ORDER_ITEM_DESC,OI_CATALOG_CODE,OI_CATALOG_TYPE,OI_CATALOG_SUB_TYPE,ACCESSION,COLLECTION_DATETIME,SPECIMEN_RECEIVED_DATETIME,SPECIMEN_TYPE,SPECIMEN_COLLECTION_METHOD,PRIORITY,BODY_SITE,CLINICAL_REFERENCE_NUMBER,POLICY_NUMBER,COMPANY_NAME,SDH_ORDER_PROCESS_STATUS,CREATION_TM,LAST_MODIFIED_TM,READ_IND,SDH_PROCESS_TM,CATALOG_CODE,CATALOG_TYPE,CATALOG_SUB_TYPE,SDH_SENSITIVE_FLAG,DOCTOR_NOTIFICATION,PATIENT_NOTICATION,RELEASE_DATE,APPROVED_HISTORY,SOURCE_DESCRIPTION,LOAD_BATCH_NO,SAP_ADMISSION_DATETIME,FACILITY_NAME,DOCTOR_COMMENTS,SEQ_NO,SRS_SYS_CD,INST_CD,INST_NAME,ORDER_ID,ORDER_ITEM_CODE,GROUP_ID,RESULT_SEQUENCE,RESULT_ID,RESULT_DATETIME,RESULT_STATUS,RESULT_ITEM_CODE1,RESULT_ITEM_CODE2,RESULT_VALUE,RESULT_UNITS,ABNORMAL_FLAG,CRITICAL_FLAG,REFERENCE_LOW_LIMIT,REFERENCE_HIGH_LIMIT,REPORT_SECTION,REPORT_SEQUENCE,RESULT_ITEM_DESCRIPTION_2nd_Language,CONVERSION_UM,CONVERSION_FACTOR,CONVERTED_RESULT,CONVERTED_LOW_LIMIT,CONVERTED_HIGH_LIMIT,CATALOGUE_TYPE,CATALOGUE_SUB_TYPE,CATALOGUE_CODE,SDH_SENSITIVE_FLAG,SDH_TRENDABLE_FLAG,CREATION_TM,LAST_MODIFIED_TM,SDH_RESULT_PROCESS_STATUS,LAST_PROCESSED_TIME,RELEASE_DATE,APPROVED_HISTORY,READ_IND,LOAD_BATCH_NO
84,SAP,HNA500UI,HNA500UI,287542941,2018-04-12 14:11:00.000,Completed,,3791694,NULL,2018-04-12 14:10:00.000,O,PYC,,1590246,GFU,CL,Chloride,CL,CLINICAL LABORATORY,BioChemistry,2018102000006,2018-04-12 14:11:00.000,2018-04-12 14:11:00.000,Blood,Venous,ST,,CR69843,,,Repending,2018-05-14 22:42:32.937,2018-05-14 22:42:32.937,0,NULL,CL,NULL,NULL,NULL,NULL,NULL,2018-05-14,NULL,NULL,44,NULL,NULL,2018-04-01 10:00:00 released the result,84,SAP,HNA500UI,HNA500UI,287542941,CL,CL,0,320031873,2018-04-12 14:31:41.000,Verified,CL,Chloride,109,mmol/L,H,,96,108,Pending,0,Approved,NULL,NULL,NULL,0,0,NULL,NULL,NULL,G,1,2018-05-14 22:42:33.120,2018-05-14 22:42:33.120,Repending,2018-05-14 22:42:33.120,2018-05-14 22:42:21.710,NULL,0,45
83,SAP,HNA500UI,HNA500UI,287542942,2018-04-12 14:11:00.000,Completed,,3791694,NULL,2018-04-12 14:10:00.000,O,PYC,,1590246,GFU,CO2,Bicarbonate,CL,CLINICAL LABORATORY,BioChemistry,2018102000006,2018-04-12 14:11:00.000,2018-04-12 14:11:00.000,Blood,Venous,ST,,CR69843,,,Repending,2018-05-14 22:42:32.460,2018-05-14 22:42:32.460,0,NULL,CL,NULL,NULL,NULL,NULL,NULL,2018-05-14,NULL,NULL,44,NULL,NULL,2018-04-01 10:00:00 released the result,83,SAP,HNA500UI,HNA500UI,287542942,CO2,CL,0,320031874,2018-04-12 14:31:41.000,Verified,CO2,Bicarbonate,22,mmol/L,,,21,32,Pending,0,Approved,NULL,NULL,NULL,0,0,NULL,NULL,NULL,G,1,2018-05-14 22:42:32.537,2018-05-14 22:42:32.537,Repending,2018-05-14 22:42:32.537,2018-05-14 22:42:21.710,NULL,0,45
77,SAP,HNA500UI,HNA500UI,287542943,2018-04-12 14:11:00.000,Completed,,3791694,NULL,2018-04-12 14:10:00.000,O,PYC,,1590246,GFU,CREAT,Creatinine,CL,CLINICAL LABORATORY,BioChemistry,2018102000006,2018-04-12 14:11:00.000,2018-04-12 14:11:00.000,Blood,Venous,ST,,CR69843,,,Repending,2018-05-14 22:42:28.527,2018-05-14 22:42:28.527,0,NULL,CL,NULL,NULL,NULL,NULL,NULL,2018-05-14,NULL,NULL,44,NULL,NULL,2018-04-01 10:00:00 released the result,77,SAP,HNA500UI,HNA500UI,287542943,CREAT,CL,0,320031876,2018-04-12 14:31:41.000,Verified,CREAT,Creatinine,55,umol/L,,,53,115,Pending,0,Approved,NULL,NULL,NULL,0,0,NULL,NULL,NULL,G,1,2018-05-14 22:42:28.597,2018-05-14 22:42:28.597,Repending,2018-05-14 22:42:28.597,2018-05-14 22:42:21.710,NULL,0,45
66,SAP,HNA500UI,HNA500UI,287542944,2018-04-12 14:11:00.000,Completed,5014353,3791694,NULL,2018-04-12 14:10:00.000,O,PYC,5014353,1590245,GFU,K,Potassium,CL,CLINICAL LABORATORY,BioChemistry,2018102000006,2018-04-12 14:11:00.000,2018-04-12 14:11:00.000,Blood,Venous,ST,,CR69843,,,Repending,2018-05-14 22:42:21.633,2018-05-14 22:42:21.633,0,NULL,CL,NULL,Send,NULL,NULL,NULL,2018-05-14,NULL,NULL,44,NULL,NULL,2018-04-01 10:00:00 released the result,66,SAP,HNA500UI,HNA500UI,287542944,K,CL,0,320031872,2018-04-12 14:31:41.000,Verified,K,Potassium,8.8,mmol/L,H,C,3.3,5,Pending,0,Approved,NULL,NULL,NULL,0,0,NULL,NULL,NULL,G,1,2018-05-14 22:42:21.710,2018-05-14 22:42:21.710,Repending,2018-05-14 22:42:21.710,2018-05-14 22:42:21.710,NULL,0,45
82,SAP,HNA500UI,HNA500UI,287542945,2018-04-12 14:11:00.000,Completed,,3791694,NULL,2018-04-12 14:10:00.000,O,PYC,,1590246,GFU,NA,Sodium,CL,CLINICAL LABORATORY,BioChemistry,2018102000006,2018-04-12 14:11:00.000,2018-04-12 14:11:00.000,Blood,Venous,ST,,CR69843,,,Repending,2018-05-14 22:42:31.953,2018-05-14 22:42:31.953,0,NULL,CL,NULL,NULL,NULL,NULL,NULL,2018-05-14,NULL,NULL,44,NULL,NULL,2018-04-01 10:00:00 released the result,82,SAP,HNA500UI,HNA500UI,287542945,NA,CL,0,320031871,2018-04-12 14:31:41.000,Verified,NA,Sodium,134,mmol/L,L,,135,150,Pending,0,Approved,NULL,NULL,NULL,0,0,NULL,NULL,NULL,G,1,2018-05-14 22:42:32.133,2018-05-14 22:42:32.133,Repending,2018-05-14 22:42:32.133,2018-05-14 22:42:21.710,NULL,0,45
89,CERNER,HNA500UI,HNA500UI,287542946,2018-04-12 14:11:00.000,Completed,,3791694,NULL,2018-04-12 14:10:00.000,O,PYC,,1590246,GFU,UREA,Urea,CL,CLINICAL LABORATORY,BioChemistry,2018102000006,2018-04-12 14:11:00.000,2018-04-12 14:11:00.000,Blood,Venous,ST,,CR69843,,,Repending,2018-05-14 22:42:36.563,2018-05-14 22:42:36.563,0,NULL,CL,NULL,NULL,NULL,NULL,NULL,2018-05-14,NULL,NULL,44,NULL,NULL,2018-04-01 10:00:00 released the result,89,SAP,HNA500UI,HNA500UI,287542946,UREA,CL,0,320031875,2018-04-12 14:31:41.000,Verified,UREA,Urea,3,mmol/L,,,2.8,7.7,Pending,0,Approved,NULL,NULL,NULL,0,0,NULL,NULL,NULL,G,1,2018-05-14 22:42:36.727,2018-05-14 22:42:36.727,Repending,2018-05-14 22:42:36.727,2018-05-14 22:42:21.710,NULL,0,45
74,SAP,HNA500UI,HNA500UI,287542947,2018-04-12 14:11:00.000,Completed,,3791694,NULL,2018-04-12 14:10:00.000,O,PYC,,1590246,GFU,UA,Uric Acid,CL,CLINICAL LABORATORY,BioChemistry,2018102000006,2018-04-12 14:11:00.000,2018-04-12 14:11:00.000,Blood,Venous,ST,,CR69843,,,Repending,2018-05-14 22:42:26.883,2018-05-14 22:42:26.883,0,NULL,CL,NULL,NULL,NULL,NULL,NULL,2018-05-14,NULL,NULL,44,NULL,NULL,2018-04-01 10:00:00 released the result,74,SAP,HNA500UI,HNA500UI,287542947,UA,CL,0,320031888,2018-04-12 14:31:41.000,Verified,UA,Uric Acid,215,umol/L,,,212,453,Pending,0,Approved,NULL,NULL,NULL,0,0,NULL,NULL,NULL,G,1,2018-05-14 22:42:26.957,2018-05-14 22:42:26.957,Repending,2018-05-14 22:42:26.957,2018-05-14 22:42:21.710,NULL,0,45
67,SAP,HNA500UI,HNA500UI,287542948,2018-04-12 14:11:00.000,Completed,,3791694,NULL,2018-04-12 14:10:00.000,O,PYC,,1590246,GFU,LFTA,Liver Function Test A,CL,CLINICAL LABORATORY,BioChemistry,2018102000006,2018-04-12 14:11:00.000,2018-04-12 14:11:00.000,Blood,Venous,ST,,CR69843,,,Repending,2018-05-14 22:42:22.290,2018-05-14 22:42:22.290,0,NULL,CL,NULL,NULL,NULL,NULL,NULL,2018-05-14,NULL,NULL,44,NULL,NULL,2018-04-01 10:00:00 released the result,71,SAP,HNA500UI,HNA500UI,287542948,LFTA,CL,0,320031880,2018-04-12 14:31:41.000,Verified,TPRO2,Total Protein,66,g/L,,,62,82,Pending,0,Approved,NULL,NULL,NULL,0,0,NULL,NULL,NULL,G,1,2018-05-14 22:42:24.667,2018-05-14 22:42:24.667,Repending,2018-05-14 22:42:24.667,2018-05-14 22:42:21.710,NULL,0,45
67,SAP,HNA500UI,HNA500UI,287542948,2018-04-12 14:11:00.000,Completed,,3791694,NULL,2018-04-12 14:10:00.000,O,PYC,,1590246,GFU,LFTA,Liver Function Test A,CL,CLINICAL LABORATORY,BioChemistry,2018102000006,2018-04-12 14:11:00.000,2018-04-12 14:11:00.000,Blood,Venous,ST,,CR69843,,,Repending,2018-05-14 22:42:22.290,2018-05-14 22:42:22.290,0,NULL,CL,NULL,NULL,NULL,NULL,NULL,2018-05-14,NULL,NULL,44,NULL,NULL,2018-04-01 10:00:00 released the result,67,SAP,HNA500UI,HNA500UI,287542948,LFTA,CL,0,320031884,2018-04-12 14:31:41.000,Verified,ALPAMP,Alk Phos,38,U/L,,,35,120,Pending,0,Approved,NULL,NULL,NULL,0,0,NULL,NULL,NULL,G,1,2018-05-14 22:42:22.363,2018-05-14 22:42:22.363,Repending,2018-05-14 22:42:22.363,2018-05-14 22:42:21.710,NULL,0,45
67,SAP,HNA500UI,HNA500UI,287542948,2018-04-12 14:11:00.000,Completed,,3791694,NULL,2018-04-12 14:10:00.000,O,PYC,,1590246,GFU,LFTA,Liver Function Test A,CL,CLINICAL LABORATORY,BioChemistry,2018102000006,2018-04-12 14:11:00.000,2018-04-12 14:11:00.000,Blood,Venous,ST,,CR69843,,,Repending,2018-05-14 22:42:22.290,2018-05-14 22:42:22.290,0,NULL,CL,NULL,NULL,NULL,NULL,NULL,2018-05-14,NULL,NULL,44,NULL,NULL,2018-04-01 10:00:00 released the result,68,SAP,HNA500UI,HNA500UI,287542948,LFTA,CL,0,320031881,2018-04-12 14:31:41.000,Verified,ALB,Albumin,38,g/L,,,37,51,Pending,0,Approved,NULL,NULL,NULL,0,0,NULL,NULL,NULL,G,1,2018-05-14 22:42:23.020,2018-05-14 22:42:23.020,Repending,2018-05-14 22:42:23.020,2018-05-14 22:42:21.710,NULL,0,45
67,SAP,HNA500UI,HNA500UI,287542948,2018-04-12 14:11:00.000,Completed,,3791694,NULL,2018-04-12 14:10:00.000,O,PYC,,1590246,GFU,LFTA,Liver Function Test A,CL,CLINICAL LABORATORY,BioChemistry,2018102000006,2018-04-12 14:11:00.000,2018-04-12 14:11:00.000,Blood,Venous,ST,,CR69843,,,Repending,2018-05-14 22:42:22.290,2018-05-14 22:42:22.290,0,NULL,CL,NULL,NULL,NULL,NULL,NULL,2018-05-14,NULL,NULL,44,NULL,NULL,2018-04-01 10:00:00 released the result,85,SAP,HNA500UI,HNA500UI,287542948,LFTA,CL,0,320031883,2018-04-12 14:31:41.000,Verified,Alb/Glo Ratio,Alb/Glo Ratio,1.4,,,,1.2,2.5,Pending,0,Approved,NULL,NULL,NULL,0,0,NULL,NULL,NULL,G,1,2018-05-14 22:42:33.590,2018-05-14 22:42:33.590,Repending,2018-05-14 22:42:33.590,2018-05-14 22:42:21.710,NULL,0,45
67,SAP,HNA500UI,HNA500UI,287542948,2018-04-12 14:11:00.000,Completed,,3791694,NULL,2018-04-12 14:10:00.000,O,PYC,,1590246,GFU,LFTA,Liver Function Test A,CL,CLINICAL LABORATORY,BioChemistry,2018102000006,2018-04-12 14:11:00.000,2018-04-12 14:11:00.000,Blood,Venous,ST,,CR69843,,,Repending,2018-05-14 22:42:22.290,2018-05-14 22:42:22.290,0,NULL,CL,NULL,NULL,NULL,NULL,NULL,2018-05-14,NULL,NULL,44,NULL,NULL,2018-04-01 10:00:00 released the result,76,SAP,HNA500UI,HNA500UI,287542948,LFTA,CL,0,320031882,2018-04-12 14:31:41.000,Verified,Globulin,Globulin,28,g/L,,,19,39,Pending,0,Approved,NULL,NULL,NULL,0,0,NULL,NULL,NULL,G,1,2018-05-14 22:42:27.940,2018-05-14 22:42:27.940,Repending,2018-05-14 22:42:27.940,2018-05-14 22:42:21.710,NULL,0,45
67,SAP,HNA500UI,HNA500UI,287542948,2018-04-12 14:11:00.000,Completed,,3791694,NULL,2018-04-12 14:10:00.000,O,PYC,,1590246,GFU,LFTA,Liver Function Test A,CL,CLINICAL LABORATORY,BioChemistry,2018102000006,2018-04-12 14:11:00.000,2018-04-12 14:11:00.000,Blood,Venous,ST,,CR69843,,,Repending,2018-05-14 22:42:22.290,2018-05-14 22:42:22.290,0,NULL,CL,NULL,NULL,NULL,NULL,NULL,2018-05-14,NULL,NULL,44,NULL,NULL,2018-04-01 10:00:00 released the result,88,SAP,HNA500UI,HNA500UI,287542948,LFTA,CL,0,320031885,2018-04-12 14:31:41.000,Verified,ALT,ALT / SGPT,6,U/L,,,3,40,Pending,0,Approved,NULL,NULL,NULL,0,0,NULL,NULL,NULL,G,1,2018-05-14 22:42:36.070,2018-05-14 22:42:36.070,Repending,2018-05-14 22:42:36.070,2018-05-14 22:42:21.710,NULL,0,45
67,SAP,HNA500UI,HNA500UI,287542948,2018-04-12 14:11:00.000,Completed,,3791694,NULL,2018-04-12 14:10:00.000,O,PYC,,1590246,GFU,LFTA,Liver Function Test A,CL,CLINICAL LABORATORY,BioChemistry,2018102000006,2018-04-12 14:11:00.000,2018-04-12 14:11:00.000,Blood,Venous,ST,,CR69843,,,Repending,2018-05-14 22:42:22.290,2018-05-14 22:42:22.290,0,NULL,CL,NULL,NULL,NULL,NULL,NULL,2018-05-14,NULL,NULL,44,NULL,NULL,2018-04-01 10:00:00 released the result,92,SAP,HNA500UI,HNA500UI,287542948,LFTA,CL,0,320031879,2018-04-12 14:31:41.000,Verified,TBILI,Bilirubin Total,22,umol/L,,,0,26,Pending,0,Approved,NULL,NULL,NULL,0,0,NULL,NULL,NULL,G,1,2018-05-14 22:42:38.840,2018-05-14 22:42:38.840,Repending,2018-05-14 22:42:38.840,2018-05-14 22:42:21.710,NULL,0,45
67,SAP,HNA500UI,HNA500UI,287542948,2018-04-12 14:11:00.000,Completed,,3791694,NULL,2018-04-12 14:10:00.000,O,PYC,,1590246,GFU,LFTA,Liver Function Test A,CL,CLINICAL LABORATORY,BioChemistry,2018102000006,2018-04-12 14:11:00.000,2018-04-12 14:11:00.000,Blood,Venous,ST,,CR69843,,,Repending,2018-05-14 22:42:22.290,2018-05-14 22:42:22.290,0,NULL,CL,NULL,NULL,NULL,NULL,NULL,2018-05-14,NULL,NULL,44,NULL,NULL,2018-04-01 10:00:00 released the result,93,SAP,HNA500UI,HNA500UI,287542948,LFTA,CL,0,320031887,2018-04-12 14:31:41.000,Verified,GGT,GGT,39,U/L,,,0,50,Pending,0,Approved,NULL,NULL,NULL,0,0,NULL,NULL,NULL,G,1,2018-05-14 22:42:39.680,2018-05-14 22:42:39.680,Repending,2018-05-14 22:42:39.680,2018-05-14 22:42:21.710,NULL,0,45
67,SAP,HNA500UI,HNA500UI,287542948,2018-04-12 14:11:00.000,Completed,,3791694,NULL,2018-04-12 14:10:00.000,O,PYC,,1590246,GFU,LFTA,Liver Function Test A,CL,CLINICAL LABORATORY,BioChemistry,2018102000006,2018-04-12 14:11:00.000,2018-04-12 14:11:00.000,Blood,Venous,ST,,CR69843,,,Repending,2018-05-14 22:42:22.290,2018-05-14 22:42:22.290,0,NULL,CL,NULL,NULL,NULL,NULL,NULL,2018-05-14,NULL,NULL,44,NULL,NULL,2018-04-01 10:00:00 released the result,94,SAP,HNA500UI,HNA500UI,287542948,LFTA,CL,0,320031886,2018-04-12 14:31:41.000,Verified,AST,AST / SGOT,25,U/L,,,0,40,Pending,0,Approved,NULL,NULL,NULL,0,0,NULL,NULL,NULL,G,1,2018-05-14 22:42:40.483,2018-05-14 22:42:40.483,Repending,2018-05-14 22:42:40.483,2018-05-14 22:42:21.710,NULL,0,45
69,SAP,HNA500UI,HNA500UI,287542949,2018-04-12 14:11:00.000,Completed,,3791694,NULL,2018-04-12 14:10:00.000,O,PYC,,1590246,GFU,zCEI,Haemogram,CL,CLINICAL LABORATORY,Hematology,2018102000006,2018-04-12 14:11:00.000,2018-04-12 14:11:00.000,Blood,Venous,ST,,CR69843,,,Repending,2018-05-14 22:42:23.603,2018-05-14 22:42:23.603,0,NULL,CL,NULL,NULL,NULL,NULL,NULL,2018-05-14,NULL,NULL,44,NULL,NULL,2018-04-01 10:00:00 released the result,86,SAP,HNA500UI,HNA500UI,287542949,zCEI,CL,0,320031841,2018-04-12 14:31:41.000,Verified,HCT,HCT,39,%,,,38,52,Pending,0,Approved,NULL,NULL,NULL,0,0,NULL,NULL,NULL,G,1,2018-05-14 22:42:34.500,2018-05-14 22:42:34.500,Repending,2018-05-14 22:42:34.500,2018-05-14 22:42:21.710,NULL,0,45
69,SAP,HNA500UI,HNA500UI,287542949,2018-04-12 14:11:00.000,Completed,,3791694,NULL,2018-04-12 14:10:00.000,O,PYC,,1590246,GFU,zCEI,Haemogram,CL,CLINICAL LABORATORY,Hematology,2018102000006,2018-04-12 14:11:00.000,2018-04-12 14:11:00.000,Blood,Venous,ST,,CR69843,,,Repending,2018-05-14 22:42:23.603,2018-05-14 22:42:23.603,0,NULL,CL,NULL,NULL,NULL,NULL,NULL,2018-05-14,NULL,NULL,44,NULL,NULL,2018-04-01 10:00:00 released the result,79,SAP,HNA500UI,HNA500UI,287542949,zCEI,CL,0,320031838,2018-04-12 14:31:41.000,Verified,WBC,WBC,5.89,ths/uL,,,4,11,Pending,0,Approved,NULL,NULL,NULL,0,0,NULL,NULL,NULL,G,1,2018-05-14 22:42:29.917,2018-05-14 22:42:29.917,Repending,2018-05-14 22:42:29.917,2018-05-14 22:42:21.710,NULL,0,45
69,SAP,HNA500UI,HNA500UI,287542949,2018-04-12 14:11:00.000,Completed,,3791694,NULL,2018-04-12 14:10:00.000,O,PYC,,1590246,GFU,zCEI,Haemogram,CL,CLINICAL LABORATORY,Hematology,2018102000006,2018-04-12 14:11:00.000,2018-04-12 14:11:00.000,Blood,Venous,ST,,CR69843,,,Repending,2018-05-14 22:42:23.603,2018-05-14 22:42:23.603,0,NULL,CL,NULL,NULL,NULL,NULL,NULL,2018-05-14,NULL,NULL,44,NULL,NULL,2018-04-01 10:00:00 released the result,80,SAP,HNA500UI,HNA500UI,287542949,zCEI,CL,0,320031845,2018-04-12 14:31:41.000,Verified,PLT,PLT,145,ths/uL,,,140,460,Pending,0,Approved,NULL,NULL,NULL,0,0,NULL,NULL,NULL,G,1,2018-05-14 22:42:30.653,2018-05-14 22:42:30.653,Repending,2018-05-14 22:42:30.653,2018-05-14 22:42:21.710,NULL,0,45
69,SAP,HNA500UI,HNA500UI,287542949,2018-04-12 14:11:00.000,Completed,,3791694,NULL,2018-04-12 14:10:00.000,O,PYC,,1590246,GFU,zCEI,Haemogram,CL,CLINICAL LABORATORY,Hematology,2018102000006,2018-04-12 14:11:00.000,2018-04-12 14:11:00.000,Blood,Venous,ST,,CR69843,,,Repending,2018-05-14 22:42:23.603,2018-05-14 22:42:23.603,0,NULL,CL,NULL,NULL,NULL,NULL,NULL,2018-05-14,NULL,NULL,44,NULL,NULL,2018-04-01 10:00:00 released the result,81,SAP,HNA500UI,HNA500UI,287542949,zCEI,CL,0,320031842,2018-04-12 14:31:41.000,Verified,MCV,MCV,88,fL,,,76,97,Pending,0,Approved,NULL,NULL,NULL,0,0,NULL,NULL,NULL,G,1,2018-05-14 22:42:31.477,2018-05-14 22:42:31.477,Repending,2018-05-14 22:42:31.477,2018-05-14 22:42:21.710,NULL,0,45
69,SAP,HNA500UI,HNA500UI,287542949,2018-04-12 14:11:00.000,Completed,,3791694,NULL,2018-04-12 14:10:00.000,O,PYC,,1590246,GFU,zCEI,Haemogram,CL,CLINICAL LABORATORY,Hematology,2018102000006,2018-04-12 14:11:00.000,2018-04-12 14:11:00.000,Blood,Venous,ST,,CR69843,,,Repending,2018-05-14 22:42:23.603,2018-05-14 22:42:23.603,0,NULL,CL,NULL,NULL,NULL,NULL,NULL,2018-05-14,NULL,NULL,44,NULL,NULL,2018-04-01 10:00:00 released the result,69,SAP,HNA500UI,HNA500UI,287542949,zCEI,CL,0,320031843,2018-04-12 14:31:41.000,Verified,MCH,MCH,28,pg,,,26,33,Pending,0,Approved,NULL,NULL,NULL,0,0,NULL,NULL,NULL,G,1,2018-05-14 22:42:23.677,2018-05-14 22:42:23.677,Repending,2018-05-14 22:42:23.677,2018-05-14 22:42:21.710,NULL,0,45
69,SAP,HNA500UI,HNA500UI,287542949,2018-04-12 14:11:00.000,Completed,,3791694,NULL,2018-04-12 14:10:00.000,O,PYC,,1590246,GFU,zCEI,Haemogram,CL,CLINICAL LABORATORY,Hematology,2018102000006,2018-04-12 14:11:00.000,2018-04-12 14:11:00.000,Blood,Venous,ST,,CR69843,,,Repending,2018-05-14 22:42:23.603,2018-05-14 22:42:23.603,0,NULL,CL,NULL,NULL,NULL,NULL,NULL,2018-05-14,NULL,NULL,44,NULL,NULL,2018-04-01 10:00:00 released the result,72,SAP,HNA500UI,HNA500UI,287542949,zCEI,CL,0,320031852,2018-04-12 14:31:41.000,Verified,MPV,MPV,7,fL,,,6.3,10.1,Pending,0,Approved,NULL,NULL,NULL,0,0,NULL,NULL,NULL,G,1,2018-05-14 22:42:25.387,2018-05-14 22:42:25.387,Repending,2018-05-14 22:42:25.387,2018-05-14 22:42:21.710,NULL,0,45
69,SAP,HNA500UI,HNA500UI,287542949,2018-04-12 14:11:00.000,Completed,,3791694,NULL,2018-04-12 14:10:00.000,O,PYC,,1590246,GFU,zCEI,Haemogram,CL,CLINICAL LABORATORY,Hematology,2018102000006,2018-04-12 14:11:00.000,2018-04-12 14:11:00.000,Blood,Venous,ST,,CR69843,,,Repending,2018-05-14 22:42:23.603,2018-05-14 22:42:23.603,0,NULL,CL,NULL,NULL,NULL,NULL,NULL,2018-05-14,NULL,NULL,44,NULL,NULL,2018-04-01 10:00:00 released the result,73,SAP,HNA500UI,HNA500UI,287542949,zCEI,CL,0,320031846,2018-04-12 14:31:41.000,Verified,RDW,RDW,12,%,,,11,15.6,Pending,0,Approved,NULL,NULL,NULL,0,0,NULL,NULL,NULL,G,1,2018-05-14 22:42:26.230,2018-05-14 22:42:26.230,Repending,2018-05-14 22:42:26.230,2018-05-14 22:42:21.710,NULL,0,45
69,SAP,HNA500UI,HNA500UI,287542949,2018-04-12 14:11:00.000,Completed,,3791694,NULL,2018-04-12 14:10:00.000,O,PYC,,1590246,GFU,zCEI,Haemogram,CL,CLINICAL LABORATORY,Hematology,2018102000006,2018-04-12 14:11:00.000,2018-04-12 14:11:00.000,Blood,Venous,ST,,CR69843,,,Repending,2018-05-14 22:42:23.603,2018-05-14 22:42:23.603,0,NULL,CL,NULL,NULL,NULL,NULL,NULL,2018-05-14,NULL,NULL,44,NULL,NULL,2018-04-01 10:00:00 released the result,90,SAP,HNA500UI,HNA500UI,287542949,zCEI,CL,0,320031844,2018-04-12 14:31:41.000,Verified,MCHC,MCHC,32,g/dL,,,31,36,Pending,0,Approved,NULL,NULL,NULL,0,0,NULL,NULL,NULL,G,1,2018-05-14 22:42:37.383,2018-05-14 22:42:37.383,Repending,2018-05-14 22:42:37.383,2018-05-14 22:42:21.710,NULL,0,45
69,SAP,HNA500UI,HNA500UI,287542949,2018-04-12 14:11:00.000,Completed,,3791694,NULL,2018-04-12 14:10:00.000,O,PYC,,1590246,GFU,zCEI,Haemogram,CL,CLINICAL LABORATORY,Hematology,2018102000006,2018-04-12 14:11:00.000,2018-04-12 14:11:00.000,Blood,Venous,ST,,CR69843,,,Repending,2018-05-14 22:42:23.603,2018-05-14 22:42:23.603,0,NULL,CL,NULL,NULL,NULL,NULL,NULL,2018-05-14,NULL,NULL,44,NULL,NULL,2018-04-01 10:00:00 released the result,91,SAP,HNA500UI,HNA500UI,287542949,zCEI,CL,0,320031839,2018-04-12 14:31:41.000,Verified,RBC,RBC,5,mil/uL,,,4.5,6.3,Pending,0,Approved,NULL,NULL,NULL,0,0,NULL,NULL,NULL,G,1,2018-05-14 22:42:38.110,2018-05-14 22:42:38.110,Repending,2018-05-14 22:42:38.110,2018-05-14 22:42:21.710,NULL,0,45
69,SAP,HNA500UI,HNA500UI,287542949,2018-04-12 14:11:00.000,Completed,,3791694,NULL,2018-04-12 14:10:00.000,O,PYC,,1590246,GFU,zCEI,Haemogram,CL,CLINICAL LABORATORY,Hematology,2018102000006,2018-04-12 14:11:00.000,2018-04-12 14:11:00.000,Blood,Venous,ST,,CR69843,,,Repending,2018-05-14 22:42:23.603,2018-05-14 22:42:23.603,0,NULL,CL,NULL,NULL,NULL,NULL,NULL,2018-05-14,NULL,NULL,44,NULL,NULL,2018-04-01 10:00:00 released the result,97,SAP,HNA500UI,HNA500UI,287542949,zCEI,CL,0,320031840,2018-04-12 14:31:41.000,Verified,HGB,HGB,14,g/dL,,,13.5,18,Pending,0,Approved,NULL,NULL,NULL,0,0,NULL,NULL,NULL,G,1,2018-05-14 22:42:42.790,2018-05-14 22:42:42.790,Repending,2018-05-14 22:42:42.790,2018-05-14 22:42:21.710,NULL,0,45
75,SAP,HNA500UI,HNA500UI,287542950,2018-04-12 14:11:00.000,Completed,,3791694,NULL,2018-04-12 14:10:00.000,O,PYC,,1590246,GFU,zAUTO DIFF,Automated Differential,CL,CLINICAL LABORATORY,Hematology,2018102000006,2018-04-12 14:11:00.000,2018-04-12 14:11:00.000,Blood,Venous,ST,,CR69843,,,Repending,2018-05-14 22:42:27.287,2018-05-14 22:42:27.287,0,NULL,CL,NULL,NULL,NULL,NULL,NULL,2018-05-14,NULL,NULL,44,NULL,NULL,2018-04-01 10:00:00 released the result,75,SAP,HNA500UI,HNA500UI,287542950,zAUTO DIFF,CL,0,320031861,2018-04-12 14:31:41.000,Verified,Eosinophils,Eosinophils,5,%,,,0,6,Pending,0,Approved,NULL,NULL,NULL,0,0,NULL,NULL,NULL,G,1,2018-05-14 22:42:27.360,2018-05-14 22:42:27.360,Repending,2018-05-14 22:42:27.360,2018-05-14 22:42:21.710,NULL,0,45
75,SAP,HNA500UI,HNA500UI,287542950,2018-04-12 14:11:00.000,Completed,,3791694,NULL,2018-04-12 14:10:00.000,O,PYC,,1590246,GFU,zAUTO DIFF,Automated Differential,CL,CLINICAL LABORATORY,Hematology,2018102000006,2018-04-12 14:11:00.000,2018-04-12 14:11:00.000,Blood,Venous,ST,,CR69843,,,Repending,2018-05-14 22:42:27.287,2018-05-14 22:42:27.287,0,NULL,CL,NULL,NULL,NULL,NULL,NULL,2018-05-14,NULL,NULL,44,NULL,NULL,2018-04-01 10:00:00 released the result,78,SAP,HNA500UI,HNA500UI,287542950,zAUTO DIFF,CL,0,320031863,2018-04-12 14:31:41.000,Verified,Basophils,Basophils,1,%,,,0,1,Pending,0,Approved,NULL,NULL,NULL,0,0,NULL,NULL,NULL,G,1,2018-05-14 22:42:29.180,2018-05-14 22:42:29.180,Repending,2018-05-14 22:42:29.180,2018-05-14 22:42:21.710,NULL,0,45
75,SAP,HNA500UI,HNA500UI,287542950,2018-04-12 14:11:00.000,Completed,,3791694,NULL,2018-04-12 14:10:00.000,O,PYC,,1590246,GFU,zAUTO DIFF,Automated Differential,CL,CLINICAL LABORATORY,Hematology,2018102000006,2018-04-12 14:11:00.000,2018-04-12 14:11:00.000,Blood,Venous,ST,,CR69843,,,Repending,2018-05-14 22:42:27.287,2018-05-14 22:42:27.287,0,NULL,CL,NULL,NULL,NULL,NULL,NULL,2018-05-14,NULL,NULL,44,NULL,NULL,2018-04-01 10:00:00 released the result,87,SAP,HNA500UI,HNA500UI,287542950,zAUTO DIFF,CL,0,320031859,2018-04-12 14:31:41.000,Verified,Monocytes,Monocytes,6,%,,,3,11,Pending,0,Approved,NULL,NULL,NULL,0,0,NULL,NULL,NULL,G,1,2018-05-14 22:42:35.237,2018-05-14 22:42:35.237,Repending,2018-05-14 22:42:35.237,2018-05-14 22:42:21.710,NULL,0,45
75,SAP,HNA500UI,HNA500UI,287542950,2018-04-12 14:11:00.000,Completed,,3791694,NULL,2018-04-12 14:10:00.000,O,PYC,,1590246,GFU,zAUTO DIFF,Automated Differential,CL,CLINICAL LABORATORY,Hematology,2018102000006,2018-04-12 14:11:00.000,2018-04-12 14:11:00.000,Blood,Venous,ST,,CR69843,,,Repending,2018-05-14 22:42:27.287,2018-05-14 22:42:27.287,0,NULL,CL,NULL,NULL,NULL,NULL,NULL,2018-05-14,NULL,NULL,44,NULL,NULL,2018-04-01 10:00:00 released the result,95,SAP,HNA500UI,HNA500UI,287542950,zAUTO DIFF,CL,0,320031854,2018-04-12 14:31:41.000,Verified,Neutrophils,Neutrophils,63,%,,,40,75,Pending,0,Approved,NULL,NULL,NULL,0,0,NULL,NULL,NULL,G,1,2018-05-14 22:42:41.320,2018-05-14 22:42:41.320,Repending,2018-05-14 22:42:41.320,2018-05-14 22:42:21.710,NULL,0,45
75,SAP,HNA500UI,HNA500UI,287542950,2018-04-12 14:11:00.000,Completed,,3791694,NULL,2018-04-12 14:10:00.000,O,PYC,,1590246,GFU,zAUTO DIFF,Automated Differential,CL,CLINICAL LABORATORY,Hematology,2018102000006,2018-04-12 14:11:00.000,2018-04-12 14:11:00.000,Blood,Venous,ST,,CR69843,,,Repending,2018-05-14 22:42:27.287,2018-05-14 22:42:27.287,0,NULL,CL,NULL,NULL,NULL,NULL,NULL,2018-05-14,NULL,NULL,44,NULL,NULL,2018-04-01 10:00:00 released the result,96,SAP,HNA500UI,HNA500UI,287542950,zAUTO DIFF,CL,0,320031857,2018-04-12 14:31:41.000,Verified,Lymphocytes,Lymphocytes,25,%,,,20,45,Pending,0,Approved,NULL,NULL,NULL,0,0,NULL,NULL,NULL,G,1,2018-05-14 22:42:42.047,2018-05-14 22:42:42.047,Repending,2018-05-14 22:42:42.047,2018-05-14 22:42:21.710,NULL,0,45
70,CERNER,HNA500UI,HNA500UI,287542951,2018-04-12 14:11:00.000,Completed,,3791694,NULL,2018-04-12 14:10:00.000,O,PYC,,1590249,GFU,GLUCO,Glucose Fasting,CL,CLINICAL LABORATORY,BioChemistry,2018102000006,2018-04-12 14:11:00.000,2018-04-12 14:11:00.000,Blood,Venous,ST,,CR69843,,,Repending,2018-05-14 22:42:24.007,2018-05-14 22:42:24.007,0,NULL,CL,NULL,NULL,NULL,NULL,NULL,2018-05-14,NULL,NULL,44,NULL,NULL,2018-04-01 10:00:00 released the result,70,CERNER,HNA500UI,HNA500UI,287542951,GLUCO,CL,0,320031877,2018-04-12 14:31:41.000,Verified,GLUCO,Glucose,5,mmol/L,,,3.6,6,Pending,0,Approved,NULL,NULL,NULL,0,0,NULL,NULL,NULL,G,1,2018-05-14 22:42:24.077,2018-05-14 22:42:24.077,Repending,2018-05-14 22:42:24.077,2018-05-14 22:42:21.710,NULL,0,45
98,SAP,HNA500UI,HNA500UI,287542953,2018-04-12 14:12:00.000,Completed,,3791694,NULL,2018-04-12 14:10:00.000,O,PYC,,1590246,,O FANC K,Fanconi Anemia (CY0102),CL,CLINICAL LABORATORY,Send Out Tests,2018102000007,2018-04-12 14:11:00.000,2018-04-12 14:24:00.000,Blood,Venous,ST,,CR69843,,,Repending,2018-05-14 22:42:43.363,2018-05-14 22:42:43.363,0,NULL,CL,NULL,NULL,NULL,NULL,NULL,2018-05-14,NULL,NULL,44,NULL,NULL,2018-04-01 10:00:00 released the result,98,SAP,HNA500UI,HNA500UI,287542953,O FANC K,CL,0,320031941,2018-04-12 14:32:07.000,Verified,O FANC K Rpt Rec Date,O FANC K Rpt Rec Date,0,,,,0,0,Pending,0,Approved,NULL,NULL,NULL,0,0,NULL,NULL,NULL,G,1,2018-05-14 22:42:43.620,2018-05-14 22:42:43.620,Repending,2018-05-14 22:42:43.620,2018-05-14 22:42:21.710,NULL,0,45
98,SAP,HNA500UI,HNA500UI,287542953,2018-04-12 14:12:00.000,Completed,,3791694,NULL,2018-04-12 14:10:00.000,O,PYC,,1590246,,O FANC K,Fanconi Anemia (CY0102),CL,CLINICAL LABORATORY,Send Out Tests,2018102000007,2018-04-12 14:11:00.000,2018-04-12 14:24:00.000,Blood,Venous,ST,,CR69843,,,Repending,2018-05-14 22:42:43.363,2018-05-14 22:42:43.363,0,NULL,CL,NULL,NULL,NULL,NULL,NULL,2018-05-14,NULL,NULL,44,NULL,NULL,2018-04-01 10:00:00 released the result,99,SAP,HNA500UI,HNA500UI,287542953,O FANC K,CL,0,320031835,2018-04-12 14:25:23.000,Verified,Sendout,Sendout,0,,,,0,0,Pending,0,Approved,NULL,NULL,NULL,0,0,NULL,NULL,NULL,G,1,2018-05-14 22:42:44.093,2018-05-14 22:42:44.093,Repending,2018-05-14 22:42:44.093,2018-05-14 22:42:21.710,NULL,0,45
104,SAP,HNA500UI,HNA500UI,287542954,2018-04-12 14:24:00.000,Completed,2018000184,,1900-01-01 00:00:00.000,2018-03-01 16:54:08.000,,MEH,5014353,,,LIS,Lipid Screen,CL,CLINICAL LABORATORY,BioChemistry,2018102000008,2018-04-12 14:24:00.000,2018-04-12 14:24:00.000,Blood,Venous,ST,,,,,Pending,2018-05-14 22:42:47.573,2018-05-14 22:42:47.573,0,NULL,CL,NULL,NULL,NULL,Y,Y,2018-05-14,NULL,NULL,44,1900-01-01 00:00:00.000,NULL,2018-04-01 10:00:00 released the result,104,SAP,HNA500UI,HNA500UI,287542954,LIS,CL,118,320031957,2018-04-12 14:32:31.000,Verified,LDL Chol,LDL- Chol,2.14,mmol/L,,,0,0,Pending,2,Approved,mg/dL,38.6,NULL,0,0,CLINICAL LABORATORY,,CL,G,1,2018-05-14 22:42:47.647,2018-05-14 22:42:47.647,Repending,2018-05-14 22:42:47.647,2018-05-14 22:42:21.710,NULL,0,45
104,SAP,HNA500UI,HNA500UI,287542954,2018-04-12 14:24:00.000,Completed,2018000184,,1900-01-01 00:00:00.000,2018-03-01 16:54:08.000,,MEH,5014353,,,LIS,Lipid Screen,CL,CLINICAL LABORATORY,BioChemistry,2018102000008,2018-04-12 14:24:00.000,2018-04-12 14:24:00.000,Blood,Venous,ST,,,,,Pending,2018-05-14 22:42:47.573,2018-05-14 22:42:47.573,0,NULL,CL,NULL,NULL,NULL,Y,Y,2018-05-14,NULL,NULL,44,1900-01-01 00:00:00.000,NULL,2018-04-01 10:00:00 released the result,105,SAP,HNA500UI,HNA500UI,287542954,LIS,CL,112,320031956,2018-04-12 14:32:31.000,Verified,TRIG,Triglycerides,1.89,mmol/L,,,0,0,Pending,2,Approved,mg/dL,88.6,NULL,0,0,CLINICAL LABORATORY,,CL,G,1,2018-05-14 22:42:48.230,2018-05-14 22:42:48.230,Repending,2018-05-14 22:42:48.230,2018-05-14 22:42:21.710,NULL,0,45
104,SAP,HNA500UI,HNA500UI,287542954,2018-04-12 14:24:00.000,Completed,2018000184,,1900-01-01 00:00:00.000,2018-03-01 16:54:08.000,,MEH,5014353,,,LIS,Lipid Screen,CL,CLINICAL LABORATORY,BioChemistry,2018102000008,2018-04-12 14:24:00.000,2018-04-12 14:24:00.000,Blood,Venous,ST,,,,,Pending,2018-05-14 22:42:47.573,2018-05-14 22:42:47.573,0,NULL,CL,NULL,NULL,NULL,Y,Y,2018-05-14,NULL,NULL,44,1900-01-01 00:00:00.000,NULL,2018-04-01 10:00:00 released the result,106,SAP,HNA500UI,HNA500UI,287542954,LIS,CL,121,320031958,2018-04-12 14:32:31.000,Verified,Chol/HDL Ratio,Chol/HDL Ratio,2,,,,0,4.5,Pending,2,Approved,,,NULL,0,0,CLINICAL LABORATORY,,CL,G,1,2018-05-14 22:42:49.120,2018-05-14 22:42:49.120,Repending,2018-05-14 22:42:49.120,2018-05-14 22:42:21.710,NULL,0,45
104,SAP,HNA500UI,HNA500UI,287542954,2018-04-12 14:24:00.000,Completed,2018000184,,1900-01-01 00:00:00.000,2018-03-01 16:54:08.000,,MEH,5014353,,,LIS,Lipid Screen,CL,CLINICAL LABORATORY,BioChemistry,2018102000008,2018-04-12 14:24:00.000,2018-04-12 14:24:00.000,Blood,Venous,ST,,,,,Pending,2018-05-14 22:42:47.573,2018-05-14 22:42:47.573,0,NULL,CL,NULL,NULL,NULL,Y,Y,2018-05-14,NULL,NULL,44,1900-01-01 00:00:00.000,NULL,2018-04-01 10:00:00 released the result,107,SAP,HNA500UI,HNA500UI,287542954,LIS,CL,113,320031955,2018-04-12 14:32:31.000,Verified,HDLD2,HDL- Chol,2.89,mmol/L,,,0,0,Pending,2,Approved,mg/dL,38.6,NULL,0,0,CLINICAL LABORATORY,,CL,G,1,2018-05-14 22:42:50.133,2018-05-14 22:42:50.133,Repending,2018-05-14 22:42:50.133,2018-05-14 22:42:21.710,NULL,0,45
104,SAP,HNA500UI,HNA500UI,287542954,2018-04-12 14:24:00.000,Completed,2018000184,,1900-01-01 00:00:00.000,2018-03-01 16:54:08.000,,MEH,5014353,,,LIS,Lipid Screen,CL,CLINICAL LABORATORY,BioChemistry,2018102000008,2018-04-12 14:24:00.000,2018-04-12 14:24:00.000,Blood,Venous,ST,,,,,Pending,2018-05-14 22:42:47.573,2018-05-14 22:42:47.573,0,NULL,CL,NULL,NULL,NULL,Y,Y,2018-05-14,NULL,NULL,44,1900-01-01 00:00:00.000,NULL,2018-04-01 10:00:00 released the result,108,SAP,HNA500UI,HNA500UI,287542954,LIS,CL,105,320031954,2018-04-12 14:32:31.000,Verified,CHOL,Cholesterol,5.89,mmol/L,,,0,0,Pending,2,Approved,mg/dL,38.6,NULL,0,0,CLINICAL LABORATORY,,CL,G,1,2018-05-14 22:42:51.043,2018-05-14 22:42:51.043,Repending,2018-05-14 22:42:51.043,2018-05-14 22:42:21.710,NULL,0,45
113,SAP,HNA500UI,HNA500UI,287542955,2018-04-12 14:25:00.000,Completed,2018000261,,NULL,2018-04-01 17:29:34.000,I,MEH,5014420,,,NA,Sodium,CL,CLINICAL LABORATORY,BioChemistry,2018102000009,2018-04-12 14:25:00.000,2018-04-12 14:25:00.000,Blood,Venous,ST,,,,,Repending,2018-05-14 22:42:54.610,2018-05-14 22:42:54.610,0,NULL,CL,NULL,NULL,NULL,NULL,NULL,2018-05-14,NULL,NULL,44,NULL,NULL,2018-04-01 10:00:00 released the result,113,SAP,HNA500UI,HNA500UI,287542955,NA,CL,0,320031970,2018-04-12 14:33:03.000,Verified,NA,Sodium,141,mmol/L,,,135,150,Pending,0,Approved,NULL,NULL,NULL,0,0,NULL,NULL,NULL,G,1,2018-05-14 22:42:54.683,2018-05-14 22:42:54.683,Repending,2018-05-14 22:42:54.683,2018-05-14 22:42:21.710,NULL,0,45
112,SAP,HNA500UI,HNA500UI,287542956,2018-04-12 14:25:00.000,Completed,2018000261,,NULL,2018-04-01 17:29:34.000,I,MEH,5014420,,,CREAT,Creatinine,CL,CLINICAL LABORATORY,BioChemistry,2018102000009,2018-04-12 14:25:00.000,2018-04-12 14:25:00.000,Blood,Venous,ST,,,,,Repending,2018-05-14 22:42:54.003,2018-05-14 22:42:54.003,0,NULL,CL,NULL,NULL,NULL,NULL,NULL,2018-05-14,NULL,NULL,44,NULL,NULL,2018-04-01 10:00:00 released the result,112,SAP,HNA500UI,HNA500UI,287542956,CREAT,CL,0,320031971,2018-04-12 14:33:03.000,Verified,CREAT,Creatinine,57,umol/L,,,53,115,Pending,0,Approved,NULL,NULL,NULL,0,0,NULL,NULL,NULL,G,1,2018-05-14 22:42:54.077,2018-05-14 22:42:54.077,Repending,2018-05-14 22:42:54.077,2018-05-14 22:42:21.710,NULL,0,45
100,SAP,HNA500UI,HNA500UI,287542992,2018-04-12 14:12:22.000,Completed,,3791694,NULL,2018-04-12 14:10:00.000,O,PYC,,1590246,,DONOTSEND,Serum Index,CL,CLINICAL LABORATORY,BioChemistry,2018102000006,2018-04-12 14:11:00.000,2018-04-12 14:11:00.000,Blood,Venous,ST,,CR69843,,,Repending,2018-05-14 22:42:44.677,2018-05-14 22:42:44.677,0,NULL,CL,NULL,NULL,NULL,NULL,NULL,2018-05-14,NULL,NULL,44,NULL,NULL,2018-04-01 10:00:00 released the result,103,SAP,HNA500UI,HNA500UI,287542992,DONOTSEND,CL,0,320031869,2018-04-12 14:31:41.000,Verified,Lipe,Lipe,-,,,,0,0,Pending,0,Approved,NULL,NULL,NULL,0,0,NULL,NULL,NULL,G,1,2018-05-14 22:42:46.577,2018-05-14 22:42:46.577,Repending,2018-05-14 22:42:46.577,2018-05-14 22:42:21.710,NULL,0,45
100,SAP,HNA500UI,HNA500UI,287542992,2018-04-12 14:12:22.000,Completed,,3791694,NULL,2018-04-12 14:10:00.000,O,PYC,,1590246,,DONOTSEND,Serum Index,CL,CLINICAL LABORATORY,BioChemistry,2018102000006,2018-04-12 14:11:00.000,2018-04-12 14:11:00.000,Blood,Venous,ST,,CR69843,,,Repending,2018-05-14 22:42:44.677,2018-05-14 22:42:44.677,0,NULL,CL,NULL,NULL,NULL,NULL,NULL,2018-05-14,NULL,NULL,44,NULL,NULL,2018-04-01 10:00:00 released the result,100,SAP,HNA500UI,HNA500UI,287542992,DONOTSEND,CL,0,320031870,2018-04-12 14:31:41.000,Verified,Icte,Icte,-,,,,0,0,Pending,0,Approved,NULL,NULL,NULL,0,0,NULL,NULL,NULL,G,1,2018-05-14 22:42:44.760,2018-05-14 22:42:44.760,Repending,2018-05-14 22:42:44.760,2018-05-14 22:42:21.710,NULL,0,45
100,SAP,HNA500UI,HNA500UI,287542992,2018-04-12 14:12:22.000,Completed,,3791694,NULL,2018-04-12 14:10:00.000,O,PYC,,1590246,,DONOTSEND,Serum Index,CL,CLINICAL LABORATORY,BioChemistry,2018102000006,2018-04-12 14:11:00.000,2018-04-12 14:11:00.000,Blood,Venous,ST,,CR69843,,,Repending,2018-05-14 22:42:44.677,2018-05-14 22:42:44.677,0,NULL,CL,NULL,NULL,NULL,NULL,NULL,2018-05-14,NULL,NULL,44,NULL,NULL,2018-04-01 10:00:00 released the result,101,SAP,HNA500UI,HNA500UI,287542992,DONOTSEND,CL,0,320031868,2018-04-12 14:31:41.000,Verified,Hemo,Hemo,-,,,,0,0,Pending,0,Approved,NULL,NULL,NULL,0,0,NULL,NULL,NULL,G,1,2018-05-14 22:42:45.337,2018-05-14 22:42:45.337,Repending,2018-05-14 22:42:45.337,2018-05-14 22:42:21.710,NULL,0,45
102,SAP,HNA500UI,HNA500UI,287543010,2018-04-12 14:12:22.000,Completed,2011002269,3791694,1900-01-01 00:00:00.000,2018-04-12 14:10:00.000,,PYC,5014353,1590246,,ZEGFR,Estimated Glomerular Filtration Rate,CL,CLINICAL LABORATORY,Send Out Tests,2018102000006,2018-04-12 14:11:00.000,2018-04-12 14:11:00.000,Blood,Venous,ST,,CR69843,,,Renew1,2018-05-14 22:42:45.917,2018-05-14 22:42:45.917,0,NULL,,NULL,NULL,NULL,,,2018-05-14,NULL,NULL,44,1900-01-01 00:00:00.000,NULL,2018-04-01 10:00:00 released the result,102,SAP,HNA500UI,HNA500UI,287543010,ZEGFR,CL,63,320031878,2018-04-12 14:31:41.000,Verified,ZEGFR,eGFR,13,,L,,60,20,Pending,1,Approved,,1,13.0,60,20,CLINICAL LABORATORY,,NULL,G,1,2018-05-14 22:42:45.987,2018-05-14 22:42:45.987,Repending,2018-05-14 22:42:45.987,2018-05-14 22:42:21.710,NULL,0,45
109,SAP,HNA500UI,HNA500UI,287543033,2018-04-12 14:24:32.000,Completed,2018000184,,NULL,2018-03-01 16:54:08.000,O,MEH,5014353,,,DONOTSEND,Serum Index,CL,CLINICAL LABORATORY,BioChemistry,2018102000008,2018-04-12 14:24:00.000,2018-04-12 14:24:00.000,Blood,Venous,ST,,,,,Repending,2018-05-14 22:42:51.693,2018-05-14 22:42:51.693,0,NULL,CL,NULL,NULL,NULL,NULL,NULL,2018-05-14,NULL,NULL,44,NULL,NULL,2018-04-01 10:00:00 released the result,109,SAP,HNA500UI,HNA500UI,287543033,DONOTSEND,CL,0,320031953,2018-04-12 14:32:31.000,Verified,Icte,Icte,-,,,,0,0,Pending,0,Approved,NULL,NULL,NULL,0,0,NULL,NULL,NULL,G,1,2018-05-14 22:42:51.767,2018-05-14 22:42:51.767,Repending,2018-05-14 22:42:51.767,2018-05-14 22:42:21.710,NULL,0,45
109,SAP,HNA500UI,HNA500UI,287543033,2018-04-12 14:24:32.000,Completed,2018000184,,NULL,2018-03-01 16:54:08.000,O,MEH,5014353,,,DONOTSEND,Serum Index,CL,CLINICAL LABORATORY,BioChemistry,2018102000008,2018-04-12 14:24:00.000,2018-04-12 14:24:00.000,Blood,Venous,ST,,,,,Repending,2018-05-14 22:42:51.693,2018-05-14 22:42:51.693,0,NULL,CL,NULL,NULL,NULL,NULL,NULL,2018-05-14,NULL,NULL,44,NULL,NULL,2018-04-01 10:00:00 released the result,110,SAP,HNA500UI,HNA500UI,287543033,DONOTSEND,CL,0,320031951,2018-04-12 14:32:31.000,Verified,Hemo,Hemo,-,,,,0,0,Pending,0,Approved,NULL,NULL,NULL,0,0,NULL,NULL,NULL,G,1,2018-05-14 22:42:52.440,2018-05-14 22:42:52.440,Repending,2018-05-14 22:42:52.440,2018-05-14 22:42:21.710,NULL,0,45
109,SAP,HNA500UI,HNA500UI,287543033,2018-04-12 14:24:32.000,Completed,2018000184,,NULL,2018-03-01 16:54:08.000,O,MEH,5014353,,,DONOTSEND,Serum Index,CL,CLINICAL LABORATORY,BioChemistry,2018102000008,2018-04-12 14:24:00.000,2018-04-12 14:24:00.000,Blood,Venous,ST,,,,,Repending,2018-05-14 22:42:51.693,2018-05-14 22:42:51.693,0,NULL,CL,NULL,NULL,NULL,NULL,NULL,2018-05-14,NULL,NULL,44,NULL,NULL,2018-04-01 10:00:00 released the result,111,SAP,HNA500UI,HNA500UI,287543033,DONOTSEND,CL,0,320031952,2018-04-12 14:32:31.000,Verified,Lipe,Lipe,-,,,,0,0,Pending,0,Approved,NULL,NULL,NULL,0,0,NULL,NULL,NULL,G,1,2018-05-14 22:42:53.280,2018-05-14 22:42:53.280,Repending,2018-05-14 22:42:53.280,2018-05-14 22:42:21.710,NULL,0,45
114,SAP,HNA500UI,HNA500UI,287543050,2018-04-12 14:25:14.000,Completed,2018000261,,NULL,2018-04-01 17:29:34.000,I,MEH,5014420,,,DONOTSEND,Serum Index,CL,CLINICAL LABORATORY,BioChemistry,2018102000009,2018-04-12 14:25:00.000,2018-04-12 14:25:00.000,Blood,Venous,ST,,,,,Repending,2018-05-14 22:42:55.073,2018-05-14 22:42:55.073,0,NULL,CL,NULL,NULL,NULL,NULL,NULL,2018-05-14,NULL,NULL,44,NULL,NULL,2018-04-01 10:00:00 released the result,114,SAP,HNA500UI,HNA500UI,287543050,DONOTSEND,CL,0,320031967,2018-04-12 14:33:03.000,Verified,Hemo,Hemo,-,,,,0,0,Pending,0,Approved,NULL,NULL,NULL,0,0,NULL,NULL,NULL,G,1,2018-05-14 22:42:55.260,2018-05-14 22:42:55.260,Repending,2018-05-14 22:42:55.260,2018-05-14 22:42:21.710,NULL,0,45
114,SAP,HNA500UI,HNA500UI,287543050,2018-04-12 14:25:14.000,Completed,2018000261,,NULL,2018-04-01 17:29:34.000,I,MEH,5014420,,,DONOTSEND,Serum Index,CL,CLINICAL LABORATORY,BioChemistry,2018102000009,2018-04-12 14:25:00.000,2018-04-12 14:25:00.000,Blood,Venous,ST,,,,,Repending,2018-05-14 22:42:55.073,2018-05-14 22:42:55.073,0,NULL,CL,NULL,NULL,NULL,NULL,NULL,2018-05-14,NULL,NULL,44,NULL,NULL,2018-04-01 10:00:00 released the result,115,SAP,HNA500UI,HNA500UI,287543050,DONOTSEND,CL,0,320031969,2018-04-12 14:33:03.000,Verified,Icte,Icte,-,,,,0,0,Pending,0,Approved,NULL,NULL,NULL,0,0,NULL,NULL,NULL,G,1,2018-05-14 22:42:55.930,2018-05-14 22:42:55.930,Repending,2018-05-14 22:42:55.930,2018-05-14 22:42:21.710,NULL,0,45
114,SAP,HNA500UI,HNA500UI,287543050,2018-04-12 14:25:14.000,Completed,2018000261,,NULL,2018-04-01 17:29:34.000,I,MEH,5014420,,,DONOTSEND,Serum Index,CL,CLINICAL LABORATORY,BioChemistry,2018102000009,2018-04-12 14:25:00.000,2018-04-12 14:25:00.000,Blood,Venous,ST,,,,,Repending,2018-05-14 22:42:55.073,2018-05-14 22:42:55.073,0,NULL,CL,NULL,NULL,NULL,NULL,NULL,2018-05-14,NULL,NULL,44,NULL,NULL,2018-04-01 10:00:00 released the result,116,SAP,HNA500UI,HNA500UI,287543050,DONOTSEND,CL,0,320031968,2018-04-12 14:33:03.000,Verified,Lipe,Lipe,-,,,,0,0,Pending,0,Approved,NULL,NULL,NULL,0,0,NULL,NULL,NULL,G,1,2018-05-14 22:42:56.920,2018-05-14 22:42:56.920,Repending,2018-05-14 22:42:56.920,2018-05-14 22:42:21.710,NULL,0,45
117,SAP,HNA500UI,HNA500UI,287543057,2018-04-12 14:25:15.000,Completed,2018000261,,NULL,2018-04-01 17:29:34.000,I,MEH,5014420,,,ZEGFR,Estimated Glomerular Filtration Rate,CL,CLINICAL LABORATORY,BioChemistry,2018102000009,2018-04-12 14:25:00.000,2018-04-12 14:25:00.000,Blood,Venous,ST,,,,,Repending,2018-05-14 22:42:57.573,2018-05-14 22:42:57.573,0,NULL,CL,NULL,NULL,NULL,NULL,NULL,2018-05-14,NULL,NULL,44,NULL,NULL,2018-04-01 10:00:00 released the result,117,SAP,HNA500UI,HNA500UI,287543057,ZEGFR,CL,0,320031972,2018-04-12 14:33:03.000,Verified,ZEGFR,eGFR,60,,,,60,0,Pending,0,Approved,NULL,NULL,NULL,0,0,NULL,NULL,NULL,G,1,2018-05-14 22:42:57.707,2018-05-14 22:42:57.707,Repending,2018-05-14 22:42:57.707,2018-05-14 22:42:21.710,NULL,0,45
